year_month,category,n_customers,n_transasctions,total_amount,pos_perc,ecom_perc
9-2022,holidays,562,1668,263838.93,0.52,0.48
9-2022,groceries,1489,15331,328858.32,0.93,0.07
1-2021,communication,424,1360,47092.05,0.02,0.98
12-2020,holidays,1,1,161.4,0.0,1.0
2-2021,transport,506,1908,51970.82,0.8,0.2
2-2021,general,125,215,20278.61,0.09,0.91
2-2021,health,255,398,28885.09,0.86,0.14
3-2021,communication,613,1831,64319.06,0.11,0.89
4-2021,transport,715,3056,75569.6,0.79,0.21
4-2021,general,169,275,29507.34,0.1,0.9
4-2021,health,329,533,34145.85,0.89,0.11
5-2021,living,104,165,15142.73,0.77,0.23
6-2021,savings,78,258,50386.67,0.0,1.0
3-2023,entertainment,808,3170,200453.49,0.1,0.9
3-2023,Restaurant,7,9,424.6,1.0,0.0
4-2023,entertainment,879,3478,186169.64,0.14,0.86
4-2023,Restaurant,3,4,32.7,1.0,0.0
5-2023,transport,1337,8481,187626.46,0.69,0.31
5-2023,general,408,730,58146.42,0.22,0.78
5-2023,health,614,1129,55316.62,0.92,0.08
6-2023,entertainment,755,3136,200098.34,0.13,0.87
7-2021,communication,654,2032,56953.3,0.08,0.92
8-2021,groceries,1098,11177,287080.37,0.92,0.08
8-2021,holidays,420,1119,176317.7,0.64,0.36
10-2021,shopping,995,4166,330003.15,0.57,0.43
10-2021,tax,119,169,9301.28,0.31,0.69
4-2022,living,137,224,18319.63,0.57,0.43
6-2022,shopping,1143,4649,377094.33,0.51,0.49
6-2022,tax,162,245,9185.83,0.67,0.33
11-2021,education,1,6,203.55,0.43,0.57
12-2021,groceries,1233,11766,364407.65,0.92,0.08
12-2021,holidays,308,689,119406.2,0.53,0.47
1-2022,savings,102,269,63501.0,0.0,1.0
12-2022,cash,458,1356,331270.37,0.58,0.42
7-2022,cash,439,1361,328516.96,0.56,0.44
8-2022,savings,28,81,23461.2,0.01,0.99
8-2022,Health,1,3,315.0,0.0,1.0
11-2023,entertainment,819,3069,203985.16,0.12,0.88
11-2023,Restaurant,4,4,161.9,1.0,0.0
12-2023,groceries,1538,15805,425519.83,0.94,0.06
12-2023,holidays,510,1206,184062.32,0.46,0.54
12-2023,Shopping,2,2,163.9,1.0,0.0
8-2023,living,150,278,11386.58,0.73,0.27
6-2023,Restaurant,2,2,24.5,1.0,0.0
7-2023,restaurants,1462,12320,410253.63,0.95,0.05
7-2023,wellness,6,10,761.34,0.85,0.15
2-2023,shopping,1239,4896,350749.29,0.55,0.45
2-2023,tax,175,245,15668.85,0.62,0.38
2-2023,Groceries,3,3,112.0,1.0,0.0
11-2022,Lebensmittel,1,1,820.37,0.0,1.0
1-2021,entertainment,210,532,31908.65,0.07,0.93
3-2021,entertainment,316,780,68837.14,0.12,0.88
3-2021,Restaurant,1,1,32.0,1.0,0.0
4-2021,education,2,5,1915.9,0.61,0.39
5-2021,shopping,814,3145,254348.04,0.54,0.46
5-2021,tax,82,122,5096.11,0.46,0.54
3-2023,communication,989,3392,82516.43,0.05,0.95
4-2023,communication,983,3232,77461.6,0.14,0.86
5-2023,education,2,2,497.09,0.0,1.0
6-2023,communication,1017,3386,82944.33,0.06,0.94
7-2021,entertainment,470,1602,93352.55,0.19,0.81
7-2021,Restaurant,1,1,85.0,1.0,0.0
9-2021,cash,234,829,120234.66,0.54,0.46
10-2021,living,106,162,9472.93,0.6,0.4
3-2022,savings,92,215,83177.03,0.0,1.0
4-2022,shopping,1154,4704,360079.97,0.6,0.4
4-2022,tax,150,209,12342.72,0.72,0.28
6-2022,living,130,204,15835.73,0.6,0.4
11-2021,transport,919,4891,98845.08,0.7,0.3
11-2021,general,257,437,46264.33,0.12,0.88
11-2021,health,482,894,49810.86,0.88,0.12
11-2021,Fitness,1,1,12.0,1.0,0.0
1-2022,salary,1,1,500.0,1.0,0.0
8-2022,salary,2,3,84.09,0.7,0.3
2-2022,groceries,1263,11714,287966.62,0.92,0.08
2-2022,holidays,376,975,181128.53,0.38,0.62
11-2023,communication,997,3494,105889.18,0.07,0.93
8-2023,shopping,1401,5946,383994.69,0.59,0.41
8-2023,tax,188,296,18557.78,0.83,0.17
8-2023,Groceries,1,1,38.4,1.0,0.0
2-2023,living,126,222,10920.34,0.73,0.27
9-2022,cash,449,1295,331100.95,0.51,0.49
10-2022,savings,38,140,17775.77,0.03,0.97
11-2022,salary,2,2,23.25,0.0,1.0
1-2021,restaurants,448,1833,49435.55,0.66,0.34
1-2021,wellness,7,9,1132.95,0.99,0.01
2-2021,shopping,593,1880,143230.25,0.24,0.76
2-2021,tax,45,62,3055.36,0.43,0.57
3-2021,restaurants,685,2904,69642.45,0.69,0.31
3-2021,wellness,7,8,728.3,0.91,0.09
4-2021,shopping,863,3141,235659.53,0.52,0.48
4-2021,tax,63,80,3456.49,0.44,0.56
5-2021,education,1,1,248.8,1.0,0.0
5-2023,shopping,1388,5632,408000.95,0.59,0.41
5-2023,tax,186,266,13326.11,0.57,0.43
5-2023,Groceries,3,4,136.9,1.0,0.0
7-2021,restaurants,925,6762,275241.28,0.93,0.07
7-2021,wellness,11,12,1596.35,0.96,0.04
8-2021,cash,253,810,109705.49,0.71,0.29
10-2021,transport,951,5607,136327.05,0.69,0.31
10-2021,general,254,480,64711.5,0.12,0.88
10-2021,health,439,816,45025.09,0.91,0.09
4-2022,education,4,6,435.14,0.65,0.35
6-2022,transport,1141,6940,160228.43,0.7,0.3
6-2022,health,482,849,49651.87,0.91,0.09
6-2022,general,299,494,48327.11,0.18,0.82
11-2021,living,107,188,15907.7,0.44,0.56
12-2021,cash,266,822,179606.37,0.56,0.44
12-2022,groceries,1512,15018,401225.28,0.93,0.07
12-2022,holidays,461,1103,134731.89,0.5,0.5
12-2022,Shopping,4,4,503.1,1.0,0.0
7-2022,groceries,1497,15198,358144.68,0.94,0.06
7-2022,holidays,637,2026,352278.34,0.57,0.43
12-2023,cash,447,1572,459165.46,0.55,0.45
8-2023,education,4,4,996.83,0.15,0.85
10-2023,salary,1,1,20.0,1.0,0.0
7-2023,communication,981,3438,82298.59,0.08,0.92
2-2023,transport,1199,6861,176504.88,0.72,0.28
2-2023,general,344,665,53561.4,0.16,0.84
2-2023,health,557,1054,56435.55,0.94,0.06
9-2022,salary,1,2,19.28,1.0,0.0
11-2022,cash,432,1231,281624.66,0.63,0.37
1-2021,education,1,1,99.0,1.0,0.0
2-2021,entertainment,235,569,35317.67,0.1,0.9
3-2021,education,2,2,945.69,0.04,0.96
4-2021,entertainment,302,829,68667.95,0.06,0.94
4-2021,Restaurant,2,2,51.4,1.0,0.0
5-2021,restaurants,751,3852,121220.61,0.82,0.18
5-2021,wellness,7,8,493.0,0.87,0.13
3-2023,transport,1247,7861,179541.24,0.69,0.31
3-2023,general,359,687,61522.08,0.24,0.76
3-2023,health,585,1044,56551.52,0.89,0.11
4-2023,transport,1277,7999,180755.22,0.68,0.32
4-2023,general,378,781,59926.59,0.26,0.74
4-2023,health,579,1028,51519.15,0.9,0.1
5-2023,entertainment,845,3327,217737.49,0.13,0.87
5-2023,Restaurant,4,4,100.4,1.0,0.0
6-2023,transport,1323,8587,198304.12,0.7,0.3
6-2023,general,376,721,59184.55,0.23,0.77
6-2023,health,609,1167,67197.65,0.91,0.09
7-2021,education,2,2,265.9,0.9,0.1
8-2021,salary,1,2,326.36,1.0,0.0
3-2022,groceries,1330,14368,325686.37,0.92,0.08
3-2022,holidays,441,1061,166924.91,0.49,0.51
4-2022,restaurants,1140,8534,304308.02,0.94,0.06
4-2022,wellness,15,17,879.06,0.61,0.39
4-2022,Holidays,1,1,9.78,1.0,0.0
5-2022,cash,396,1261,321776.35,0.5,0.5
11-2021,communication,752,2589,93888.69,0.05,0.95
12-2021,salary,3,13,1332.05,0.0,1.0
1-2023,cash,408,1195,296703.45,0.54,0.46
2-2022,savings,92,189,61646.58,0.0,1.0
10-2023,cash,445,1362,331808.96,0.52,0.48
11-2023,transport,1221,7273,167303.09,0.67,0.33
11-2023,general,428,843,68479.96,0.13,0.87
11-2023,health,584,1061,57823.61,0.89,0.11
8-2023,restaurants,1412,10716,318382.93,0.94,0.06
8-2023,wellness,7,11,1822.58,0.79,0.21
9-2023,cash,434,1290,298797.82,0.6,0.4
7-2023,living,181,311,17789.93,0.73,0.27
9-2022,living,125,208,17576.75,0.51,0.49
10-2022,entertainment,795,2746,189571.16,0.16,0.84
10-2022,Restaurant,2,3,59.0,1.0,0.0
11-2022,communication,954,3258,89617.99,0.08,0.92
5-2021,groceries,973,9372,285476.73,0.9,0.1
5-2021,holidays,221,483,103540.9,0.6,0.4
8-2021,living,101,180,7930.85,0.56,0.44
9-2021,transport,908,5114,121851.11,0.65,0.35
9-2021,general,244,425,50103.05,0.16,0.84
9-2021,health,408,680,40588.38,0.88,0.12
3-2022,restaurants,1115,7687,255282.07,0.93,0.07
3-2022,wellness,16,23,1910.66,0.55,0.45
4-2022,groceries,1359,13521,338410.93,0.93,0.07
4-2022,holidays,469,1276,232848.46,0.51,0.49
5-2022,communication,844,2885,79718.37,0.14,0.86
11-2021,cash,258,1043,181021.43,0.46,0.54
12-2021,living,105,193,8089.71,0.7,0.3
12-2022,education,3,5,802.52,0.12,0.88
1-2023,communication,983,3358,91402.03,0.05,0.95
7-2022,education,3,4,1051.06,0.74,0.26
2-2022,shopping,1016,3763,303020.98,0.59,0.41
2-2022,tax,121,178,13332.88,0.62,0.38
10-2023,communication,1027,3583,86263.03,0.08,0.92
12-2023,living,165,258,17021.56,0.81,0.19
8-2023,groceries,1634,16413,368408.63,0.95,0.05
8-2023,holidays,615,1725,310919.84,0.45,0.55
8-2023,Shopping,2,2,132.95,1.0,0.0
9-2023,communication,1015,3311,89510.19,0.11,0.89
9-2022,shopping,1216,4916,369804.16,0.57,0.43
9-2022,tax,159,215,7947.81,0.65,0.35
10-2022,communication,958,3274,88349.04,0.06,0.94
11-2022,entertainment,776,2700,150573.74,0.1,0.9
11-2022,Restaurant,4,4,128.5,1.0,0.0
12-2020,shopping,1,1,212.9,0.0,1.0
2-2021,cash,105,271,39310.62,0.47,0.53
4-2021,cash,174,481,102006.41,0.23,0.77
6-2021,restaurants,824,5117,189650.8,0.91,0.09
6-2021,wellness,8,10,831.6,0.93,0.07
5-2023,cash,443,1451,342085.61,0.56,0.44
8-2021,shopping,946,3949,297731.1,0.56,0.44
8-2021,tax,132,209,6662.97,0.58,0.42
8-2021,Groceries,1,1,4.7,1.0,0.0
9-2021,education,4,6,1655.21,0.17,0.83
10-2021,groceries,1161,12024,318454.71,0.91,0.09
10-2021,holidays,401,1125,193034.28,0.7,0.3
5-2022,entertainment,675,2034,121571.25,0.16,0.84
5-2022,Restaurant,4,4,799.2,1.0,0.0
6-2022,groceries,1397,14657,327647.93,0.92,0.08
6-2022,holidays,499,1402,236318.47,0.53,0.47
12-2021,shopping,1120,5275,453551.01,0.53,0.47
12-2021,tax,161,224,7253.71,0.42,0.58
1-2022,restaurants,980,5511,180006.85,0.89,0.11
1-2022,wellness,16,18,1893.09,0.79,0.21
12-2022,transport,1194,7144,161525.38,0.67,0.33
12-2022,health,592,1205,62074.25,0.95,0.05
12-2022,general,345,614,62358.68,0.18,0.82
1-2023,entertainment,813,3028,175361.85,0.15,0.85
1-2023,Restaurant,4,6,280.67,1.0,0.0
7-2022,transport,1227,7594,192739.56,0.75,0.25
7-2022,general,324,593,61418.45,0.19,0.81
7-2022,health,557,1069,55275.67,0.91,0.09
8-2022,restaurants,1271,10314,330839.45,0.95,0.05
8-2022,wellness,16,19,2062.91,0.93,0.07
2-2022,living,91,146,10404.87,0.43,0.57
10-2023,entertainment,886,3498,222172.39,0.13,0.87
10-2023,Restaurant,4,4,149.3,0.68,0.32
12-2023,shopping,1401,6390,472203.96,0.65,0.35
12-2023,tax,212,372,14782.91,0.41,0.59
12-2023,Groceries,2,2,164.25,1.0,0.0
9-2023,entertainment,843,3225,189360.18,0.14,0.86
9-2023,Restaurant,4,5,204.0,1.0,0.0
7-2023,savings,29,150,27251.42,0.0,1.0
7-2023,Health,1,1,245.0,0.0,1.0
2-2023,groceries,1476,14250,319779.27,0.92,0.08
2-2023,holidays,529,1398,228130.95,0.44,0.56
9-2022,restaurants,1287,9520,295110.77,0.93,0.07
9-2022,wellness,8,10,1171.5,0.96,0.04
10-2022,transport,1244,7421,165142.97,0.7,0.3
10-2022,general,366,719,57701.83,0.26,0.74
10-2022,health,577,1057,51238.12,0.95,0.05
11-2022,education,2,2,46.29,0.0,1.0
1-2021,cash,83,279,22522.3,0.57,0.43
3-2021,cash,156,452,77204.8,0.31,0.69
5-2021,salary,1,3,9.95,0.0,1.0
6-2021,shopping,825,3320,268798.33,0.48,0.52
6-2021,tax,110,183,8551.07,0.59,0.41
6-2021,Groceries,1,1,10.8,1.0,0.0
7-2021,cash,229,755,126108.66,0.67,0.33
8-2021,restaurants,962,6578,234074.2,0.92,0.08
8-2021,wellness,7,9,632.6,0.91,0.09
9-2021,entertainment,510,1471,100531.18,0.16,0.84
9-2021,Restaurant,3,4,38.6,1.0,0.0
10-2021,savings,112,324,104451.11,0.0,1.0
3-2022,living,119,200,10775.17,0.8,0.2
5-2022,education,1,3,2423.4,0.29,0.71
6-2022,savings,37,109,50606.77,0.0,1.0
12-2021,restaurants,986,5949,201566.77,0.89,0.11
12-2021,wellness,19,25,3262.8,0.91,0.09
1-2022,shopping,1059,4304,325026.25,0.46,0.54
1-2022,tax,117,163,5406.0,0.47,0.53
12-2022,communication,1014,3545,82904.69,0.1,0.9
1-2023,education,3,5,1336.41,0.0,1.0
7-2022,communication,896,3150,98059.82,0.05,0.95
8-2022,shopping,1238,5385,393320.98,0.57,0.43
8-2022,tax,202,294,11617.69,0.56,0.44
8-2022,Groceries,3,3,29.8,1.0,0.0
10-2023,education,2,7,3144.65,0.14,0.86
12-2023,restaurants,1270,8905,280527.47,0.92,0.08
12-2023,wellness,9,14,1148.58,0.95,0.05
9-2023,education,3,5,1469.13,0.25,0.75
7-2023,groceries,1646,17490,419798.76,0.94,0.06
7-2023,holidays,756,2491,382331.66,0.51,0.49
7-2023,Shopping,1,2,164.28,1.0,0.0
2-2023,savings,27,94,15482.66,0.0,1.0
10-2022,groceries,1527,15172,337311.36,0.93,0.07
10-2022,holidays,595,1857,315394.3,0.57,0.43
1-2021,shopping,572,2090,176647.05,0.34,0.66
1-2021,tax,58,75,3771.3,0.3,0.7
2-2021,restaurants,513,2036,54830.52,0.7,0.3
2-2021,wellness,4,7,771.95,0.91,0.09
3-2021,shopping,921,3228,248446.98,0.5,0.5
3-2021,tax,66,81,4026.52,0.46,0.54
3-2021,Groceries,1,1,2.4,1.0,0.0
4-2021,restaurants,759,3268,91719.77,0.79,0.21
4-2021,wellness,8,9,1449.75,0.95,0.05
5-2021,entertainment,344,813,55535.78,0.19,0.81
5-2021,Restaurant,1,1,27.2,1.0,0.0
6-2021,cash,188,559,72500.06,0.62,0.38
3-2023,living,135,264,18288.32,0.5,0.5
4-2023,living,167,254,22058.16,0.43,0.57
5-2023,restaurants,1400,10748,313962.27,0.94,0.06
5-2023,wellness,11,56,4783.25,0.96,0.04
6-2023,living,179,310,16981.11,0.81,0.19
7-2021,shopping,888,3879,302236.81,0.58,0.42
7-2021,tax,110,163,3808.13,0.62,0.38
10-2021,communication,710,2540,68208.53,0.07,0.93
4-2022,entertainment,698,2197,125399.28,0.25,0.75
4-2022,Restaurant,3,3,45.0,1.0,0.0
6-2022,communication,824,2961,73412.5,0.09,0.91
1-2022,cash,242,778,143172.56,0.49,0.51
12-2022,savings,27,141,22333.36,0.0,1.0
12-2022,Health,1,1,725.0,0.0,1.0
7-2022,savings,35,119,32728.54,0.0,1.0
8-2022,cash,429,1212,292686.49,0.55,0.45
11-2023,living,139,238,17338.66,0.68,0.32
8-2023,entertainment,882,3219,205557.91,0.15,0.85
8-2023,Restaurant,2,2,167.0,1.0,0.0
7-2023,transport,1390,9786,245582.21,0.7,0.3
7-2023,health,608,1176,63274.97,0.91,0.09
7-2023,general,425,932,62282.1,0.26,0.74
2-2023,communication,956,2932,83835.13,0.06,0.94
9-2022,entertainment,697,2360,161649.86,0.13,0.87
9-2022,Restaurant,3,4,142.8,1.0,0.0
10-2022,living,138,257,15358.99,0.53,0.47
11-2022,shopping,1325,5567,435178.34,0.47,0.53
11-2022,tax,164,221,12636.96,0.47,0.53
2-2021,salary,2,2,29.7,0.0,1.0
4-2021,salary,1,3,280.6,1.0,0.0
6-2021,education,2,3,942.65,0.0,1.0
3-2023,groceries,1563,16924,378716.28,0.92,0.08
3-2023,holidays,532,1275,225650.9,0.45,0.55
4-2023,groceries,1567,15223,362051.16,0.91,0.09
4-2023,holidays,560,1585,279897.74,0.5,0.5
4-2023,Shopping,1,1,24.9,1.0,0.0
5-2023,salary,1,1,13.4,1.0,0.0
6-2023,groceries,1612,17740,406893.78,0.94,0.06
6-2023,holidays,631,1803,271064.93,0.41,0.59
8-2021,entertainment,518,1526,87818.25,0.22,0.78
8-2021,Restaurant,1,1,47.2,1.0,0.0
9-2021,restaurants,1007,7012,236841.93,0.92,0.08
9-2021,wellness,11,13,1110.3,0.9,0.1
3-2022,general,284,541,59760.49,0.28,0.72
3-2022,transport,1039,5657,138734.43,0.66,0.34
3-2022,health,459,869,47751.49,0.89,0.11
5-2022,shopping,1152,4678,376692.18,0.58,0.42
5-2022,tax,169,270,10586.61,0.69,0.31
5-2022,Groceries,1,1,4.8,1.0,0.0
11-2021,savings,131,369,120053.91,0.0,1.0
12-2021,entertainment,596,1918,119858.0,0.15,0.85
12-2021,Restaurant,1,1,15.0,1.0,0.0
1-2022,education,5,6,3588.51,0.95,0.05
1-2023,shopping,1279,5530,399819.07,0.54,0.46
1-2023,tax,179,246,18250.91,0.38,0.62
1-2023,Groceries,1,1,104.1,1.0,0.0
1-2023,Hotel,1,2,1175.8,1.0,0.0
8-2022,education,3,3,197.17,0.15,0.85
2-2022,communication,768,2619,75657.76,0.14,0.86
10-2023,shopping,1354,5814,409879.66,0.61,0.39
10-2023,tax,210,328,9980.42,0.59,0.41
10-2023,Groceries,2,3,64.5,1.0,0.0
11-2023,groceries,1525,16206,374356.34,0.91,0.09
11-2023,holidays,487,1162,166148.94,0.43,0.57
12-2023,entertainment,847,3103,203173.32,0.09,0.91
12-2023,Restaurant,1,2,200.0,1.0,0.0
9-2023,shopping,1373,5600,379326.97,0.63,0.37
9-2023,tax,198,289,8743.77,0.6,0.4
9-2023,Groceries,2,2,67.8,1.0,0.0
9-2022,communication,927,3091,82353.24,0.06,0.94
10-2022,shopping,1290,5413,408620.68,0.59,0.41
10-2022,tax,175,248,9755.29,0.62,0.38
11-2022,living,143,249,24537.42,0.43,0.57
1-2021,groceries,689,6370,201576.12,0.89,0.11
1-2021,holidays,91,185,32002.38,0.63,0.37
12-2020,communication,1,1,4.0,0.0,1.0
2-2021,savings,66,199,44148.33,0.0,1.0
3-2021,groceries,1200,10266,290360.46,0.9,0.1
3-2021,holidays,148,274,60025.89,0.42,0.58
4-2021,savings,109,238,52537.87,0.01,0.99
6-2021,transport,779,3642,81220.0,0.76,0.24
6-2021,health,359,593,38342.95,0.87,0.13
6-2021,general,186,309,42042.06,0.11,0.89
5-2023,savings,35,119,22445.73,0.0,1.0
5-2023,Health,1,1,245.0,0.0,1.0
7-2021,groceries,1064,10727,297818.98,0.91,0.09
7-2021,holidays,416,1288,217695.26,0.62,0.38
8-2021,communication,654,2205,52117.54,0.1,0.9
3-2022,education,4,4,843.14,0.08,0.92
5-2022,living,123,197,12108.79,0.72,0.28
12-2021,communication,803,3015,93487.61,0.12,0.88
1-2022,transport,929,4648,108585.98,0.7,0.3
1-2022,general,258,386,39402.75,0.15,0.85
1-2022,health,456,830,50732.47,0.88,0.12
12-2022,restaurants,1265,8932,264998.18,0.92,0.08
12-2022,wellness,7,8,1326.99,0.96,0.04
1-2023,living,121,241,17125.91,0.39,0.61
7-2022,restaurants,1273,10630,365863.29,0.94,0.06
7-2022,wellness,9,14,1618.23,0.86,0.14
8-2022,transport,1233,7588,190221.64,0.73,0.27
8-2022,health,528,962,53121.52,0.9,0.1
8-2022,general,346,620,52011.5,0.15,0.85
8-2022,Fitness,1,1,29.0,1.0,0.0
2-2022,entertainment,654,1841,131589.53,0.16,0.84
2-2022,Restaurant,3,3,53.6,1.0,0.0
10-2023,living,164,264,26649.69,0.35,0.65
12-2023,communication,1049,3789,116621.47,0.05,0.95
9-2023,living,151,251,14782.92,0.55,0.45
7-2023,cash,497,1496,400300.63,0.54,0.46
9-2022,general,328,615,54503.83,0.17,0.83
9-2022,transport,1200,7174,151994.52,0.66,0.34
9-2022,health,538,966,51162.97,0.89,0.11
10-2022,restaurants,1331,10245,311068.08,0.93,0.07
10-2022,wellness,10,13,852.02,0.71,0.29
1-2021,savings,62,216,42079.33,0.0,1.0
2-2021,groceries,731,7060,215304.01,0.89,0.11
2-2021,holidays,125,276,40591.44,0.64,0.36
3-2021,savings,124,244,50755.31,0.0,1.0
4-2021,groceries,1056,9537,278650.25,0.91,0.09
4-2021,holidays,160,299,41527.89,0.58,0.42
6-2021,communication,603,1967,65237.0,0.06,0.94
4-2023,salary,1,1,79.7,0.0,1.0
5-2023,groceries,1598,17033,390973.91,0.93,0.07
5-2023,holidays,602,1600,287705.36,0.47,0.53
7-2021,savings,82,244,58285.19,0.0,1.0
8-2021,transport,894,5012,115740.89,0.7,0.3
8-2021,general,266,457,43174.63,0.26,0.74
8-2021,health,397,692,41503.46,0.82,0.18
9-2021,living,114,184,16740.82,0.69,0.31
10-2021,cash,280,988,138003.31,0.6,0.4
3-2022,entertainment,677,2199,130679.47,0.19,0.81
6-2022,cash,387,1297,309892.81,0.5,0.5
12-2021,transport,931,4797,112939.3,0.7,0.3
12-2021,general,274,449,75809.25,0.16,0.84
12-2021,health,495,992,58861.93,0.86,0.14
1-2022,communication,784,2966,76606.67,0.05,0.95
12-2022,shopping,1357,6399,482046.41,0.65,0.35
12-2022,tax,165,215,8724.66,0.46,0.54
7-2022,shopping,1286,5606,386285.01,0.62,0.38
7-2022,tax,187,282,7709.92,0.7,0.3
8-2022,communication,911,3226,85983.09,0.07,0.93
2-2022,education,5,6,869.35,0.41,0.59
3-2022,Restaurant,1,1,45.0,1.0,0.0
12-2023,transport,1258,7590,177207.22,0.66,0.34
12-2023,general,400,770,61656.9,0.16,0.84
12-2023,health,589,1153,59585.05,0.92,0.08
2-2023,cash,411,1067,317862.99,0.6,0.4
3-2023,salary,1,1,355.58,1.0,0.0
10-2022,education,1,1,7.76,0.0,1.0
11-2022,transport,1211,7591,155301.76,0.64,0.36
11-2022,health,563,1060,56505.21,0.92,0.08
11-2022,general,322,587,48991.69,0.15,0.85
5-2021,savings,112,297,62298.18,0.0,1.0
6-2021,living,93,164,7405.36,0.59,0.41
3-2023,cash,472,1406,307178.29,0.67,0.33
4-2023,cash,484,1367,317909.8,0.57,0.43
6-2023,cash,455,1435,382184.25,0.61,0.39
9-2021,communication,703,2462,83779.74,0.07,0.93
10-2021,salary,2,2,198.59,0.0,1.0
3-2022,shopping,1092,4261,323512.21,0.51,0.49
3-2022,tax,163,237,13419.68,0.44,0.56
4-2022,savings,82,181,62530.29,0.0,1.0
5-2022,transport,1140,6876,174596.97,0.65,0.35
5-2022,general,310,569,44587.97,0.18,0.82
5-2022,health,484,872,47972.75,0.89,0.11
5-2022,Fitness,1,1,73.0,1.0,0.0
1-2022,living,91,201,12302.0,0.68,0.32
12-2022,entertainment,775,3069,215329.81,0.1,0.9
12-2022,Restaurant,3,3,257.1,1.0,0.0
1-2023,transport,1189,7265,186015.15,0.69,0.31
1-2023,general,363,658,52001.44,0.18,0.82
1-2023,health,564,1088,53324.37,0.92,0.08
7-2022,entertainment,726,2316,144673.3,0.23,0.77
7-2022,Restaurant,2,3,26.0,1.0,0.0
8-2022,living,159,293,26430.55,0.66,0.34
2-2022,restaurants,1041,6252,219558.86,0.92,0.08
2-2022,wellness,15,20,1324.04,0.9,0.1
2-2022,Holidays,1,1,13.45,1.0,0.0
10-2023,health,607,1164,66738.13,0.88,0.12
10-2023,transport,1323,8667,208385.83,0.65,0.35
10-2023,general,402,770,51311.36,0.21,0.79
11-2023,cash,420,1442,346537.56,0.49,0.51
8-2023,savings,33,98,11247.95,0.0,1.0
9-2023,transport,1358,8668,199018.26,0.67,0.33
9-2023,general,395,747,47881.84,0.26,0.74
9-2023,health,583,1057,59671.15,0.93,0.07
8-2023,Health,1,2,255.0,0.0,1.0
2-2023,salary,2,2,308.91,0.97,0.03
10-2022,salary,3,3,109.62,0.04,0.96
11-2022,savings,37,182,28629.43,0.0,1.0
2-2021,living,75,108,6162.11,0.61,0.39
4-2021,living,107,166,14650.31,0.4,0.6
5-2021,transport,730,3296,84039.43,0.7,0.3
5-2021,health,347,565,36042.91,0.87,0.13
5-2021,general,167,290,30310.02,0.1,0.9
3-2023,restaurants,1301,10180,291446.01,0.93,0.07
3-2023,wellness,12,21,2541.6,0.87,0.13
4-2023,restaurants,1349,9976,304894.76,0.93,0.07
4-2023,wellness,6,13,999.35,0.75,0.25
4-2023,Holidays,1,1,27.9,1.0,0.0
5-2023,living,191,300,15847.16,0.85,0.15
6-2023,restaurants,1385,10820,322429.94,0.93,0.07
6-2023,wellness,9,15,1330.3,0.8,0.2
9-2021,groceries,1134,12037,281157.37,0.93,0.07
9-2021,holidays,393,1062,175907.74,0.6,0.4
10-2021,education,1,2,134.95,0.0,1.0
4-2022,transport,1098,6124,157101.34,0.68,0.32
4-2022,health,515,928,47668.89,0.91,0.09
4-2022,general,307,601,43276.77,0.17,0.83
4-2022,Fitness,1,1,10.0,1.0,0.0
5-2022,savings,51,130,61814.13,0.0,1.0
6-2022,education,1,4,145.84,0.0,1.0
11-2021,shopping,1054,4626,390571.26,0.49,0.51
11-2021,tax,122,152,5330.71,0.4,0.6
1-2023,savings,39,162,27280.62,0.0,1.0
2-2022,cash,276,707,161327.01,0.46,0.54
3-2022,Lebensmittel,1,1,277.0,0.0,1.0
10-2023,savings,28,95,13775.55,0.0,1.0
11-2023,restaurants,1289,9281,263009.07,0.92,0.08
11-2023,wellness,14,19,1791.22,0.73,0.27
8-2023,transport,1342,8680,204897.51,0.69,0.31
8-2023,health,557,1003,58013.09,0.92,0.08
8-2023,general,397,748,51321.88,0.22,0.78
9-2023,savings,19,68,9112.41,0.0,1.0
10-2023,Health,1,2,490.0,0.0,1.0
7-2023,entertainment,930,3523,193489.86,0.17,0.83
7-2023,Restaurant,4,4,75.5,1.0,0.0
2-2023,education,3,3,572.83,0.9,0.1
9-2022,education,3,3,728.79,0.02,0.98
11-2022,restaurants,1264,9750,272478.46,0.9,0.1
11-2022,wellness,11,12,1291.84,0.94,0.06
1-2021,salary,1,1,3.0,0.0,1.0
5-2021,cash,178,574,111757.4,0.41,0.59
6-2021,entertainment,388,1014,100282.87,0.1,0.9
6-2021,Restaurant,2,2,130.2,1.0,0.0
3-2023,savings,32,101,21521.83,0.0,1.0
4-2023,savings,33,118,17149.18,0.0,1.0
4-2023,Health,1,1,245.0,0.0,1.0
6-2023,savings,30,148,23115.93,0.0,1.0
6-2023,Health,1,1,245.0,0.0,1.0
7-2021,salary,5,11,354.84,0.71,0.29
8-2021,education,2,4,206.15,0.8,0.2
9-2021,shopping,921,3696,271739.6,0.52,0.48
9-2021,tax,123,197,9520.5,0.38,0.62
3-2022,communication,838,2963,90137.33,0.09,0.91
4-2022,cash,353,936,233884.58,0.51,0.49
5-2022,restaurants,1185,8838,278773.74,0.94,0.06
5-2022,wellness,17,36,4464.49,0.79,0.21
11-2021,groceries,1204,12469,317502.84,0.91,0.09
11-2021,holidays,296,569,96834.69,0.43,0.57
12-2021,education,7,11,7501.96,0.36,0.64
1-2022,entertainment,560,1793,129169.2,0.12,0.88
1-2022,Restaurant,2,2,85.0,1.0,0.0
11-2022,Holidays,1,1,130.63,1.0,0.0
12-2022,living,134,216,9513.63,0.62,0.38
1-2023,restaurants,1253,9057,259312.83,0.92,0.08
1-2023,wellness,11,18,2378.59,0.79,0.21
7-2022,living,149,239,19976.28,0.53,0.47
8-2022,entertainment,738,2384,151888.81,0.16,0.84
8-2022,Restaurant,6,7,205.6,1.0,0.0
2-2022,transport,989,4771,136819.06,0.65,0.35
2-2022,general,252,435,39611.78,0.26,0.74
2-2022,health,424,727,44180.3,0.86,0.14
10-2023,restaurants,1372,10540,320572.21,0.94,0.06
10-2023,wellness,11,16,2707.63,0.98,0.02
11-2023,savings,28,62,12414.67,0.0,1.0
11-2023,Health,1,1,169.0,0.0,1.0
12-2023,education,3,6,836.36,0.01,0.99
8-2023,cash,427,1287,301301.34,0.57,0.43
9-2023,restaurants,1390,10785,318344.6,0.94,0.06
9-2023,wellness,10,18,1457.8,0.51,0.49
9-2023,Holidays,1,1,500.0,1.0,0.0
11-2022,groceries,1531,15854,354516.03,0.89,0.11
11-2022,holidays,449,1219,194955.21,0.37,0.63
11-2022,Shopping,1,1,65.8,1.0,0.0
1-2021,living,52,86,7560.63,0.5,0.5
3-2021,living,111,175,12178.08,0.5,0.5
5-2021,communication,584,1997,62852.21,0.06,0.94
3-2023,shopping,1294,5249,358642.04,0.52,0.48
3-2023,tax,184,272,16085.25,0.71,0.29
4-2023,shopping,1343,5549,414137.22,0.57,0.43
4-2023,tax,201,289,14820.75,0.69,0.31
4-2023,Groceries,3,3,112.95,1.0,0.0
6-2023,shopping,1360,5782,400460.44,0.59,0.41
6-2023,tax,205,351,10041.0,0.65,0.35
7-2021,living,104,160,13915.73,0.48,0.52
9-2021,savings,101,293,110567.87,0.0,1.0
10-2021,entertainment,578,1677,124969.68,0.18,0.82
10-2021,Restaurant,3,5,188.3,1.0,0.0
3-2022,cash,323,798,171437.45,0.62,0.38
4-2022,communication,863,2911,87122.26,0.08,0.92
5-2022,groceries,1372,14731,329117.62,0.92,0.08
5-2022,holidays,490,1329,209631.49,0.44,0.56
6-2022,entertainment,707,2150,132588.55,0.15,0.85
6-2022,Restaurant,5,9,670.8,1.0,0.0
11-2021,restaurants,1023,6852,215917.33,0.9,0.1
11-2021,wellness,10,13,979.64,0.94,0.06
11-2021,Holidays,1,1,21.02,1.0,0.0
12-2022,salary,1,1,14.0,1.0,0.0
1-2023,groceries,1486,15106,346690.41,0.92,0.08
1-2023,holidays,531,1448,263877.19,0.35,0.65
1-2023,Shopping,1,2,98.6,1.0,0.0
7-2022,salary,2,3,17.15,0.48,0.52
10-2023,groceries,1598,16564,373987.92,0.94,0.06
10-2023,holidays,636,1836,298428.49,0.56,0.44
11-2023,shopping,1353,5890,464649.71,0.52,0.48
11-2023,tax,174,288,12892.48,0.61,0.39
11-2023,Groceries,1,2,6.7,1.0,0.0
8-2023,communication,987,3310,82392.63,0.08,0.92
9-2023,groceries,1630,17297,377131.23,0.95,0.05
9-2023,holidays,655,1873,291050.25,0.47,0.53
9-2023,Shopping,3,3,208.4,1.0,0.0
6-2023,Groceries,1,1,75.6,1.0,0.0
7-2023,education,3,4,571.71,0.0,1.0
2-2023,entertainment,796,2668,154784.02,0.17,0.83
2-2023,Restaurant,5,6,261.0,1.0,0.0
3-2023,Groceries,2,2,59.65,1.0,0.0
9-2022,savings,34,122,29830.61,0.0,1.0
10-2022,cash,454,1324,307383.57,0.56,0.44
1-2021,transport,437,1558,38556.38,0.77,0.23
1-2021,general,110,186,24934.06,0.08,0.92
1-2021,health,244,389,22409.85,0.84,0.16
1-2021,Fitness,1,1,2.0,1.0,0.0
2-2021,communication,472,1432,50270.05,0.04,0.96
3-2021,transport,690,2684,64787.91,0.76,0.24
3-2021,general,166,291,28591.54,0.06,0.94
3-2021,health,311,502,27444.85,0.87,0.13
4-2021,communication,584,1879,53318.15,0.05,0.95
6-2021,groceries,1017,9800,266547.69,0.91,0.09
6-2021,holidays,286,720,120542.15,0.44,0.56
4-2023,education,1,1,89.42,1.0,0.0
5-2023,communication,1000,3367,78230.78,0.08,0.92
6-2023,education,3,3,403.39,0.0,1.0
7-2021,transport,870,4941,124753.03,0.73,0.27
7-2021,general,219,335,31202.45,0.17,0.83
7-2021,health,394,697,45997.16,0.93,0.07
8-2021,savings,91,294,85353.14,0.01,0.99
10-2021,restaurants,1026,7220,262974.07,0.93,0.07
10-2021,wellness,9,11,993.35,0.94,0.06
6-2022,restaurants,1199,9077,288152.13,0.94,0.06
6-2022,wellness,12,16,1054.05,0.87,0.13
10-2021,Holidays,1,1,149.05,1.0,0.0
11-2021,entertainment,548,1648,99802.73,0.17,0.83
11-2021,Restaurant,1,2,15.6,1.0,0.0
12-2021,savings,109,317,105487.44,0.0,1.0
1-2022,groceries,1205,11544,301032.99,0.91,0.09
1-2022,holidays,313,767,139301.78,0.48,0.52
8-2022,groceries,1476,15306,334825.33,0.93,0.07
8-2022,holidays,601,1732,300933.69,0.47,0.53
11-2023,education,7,13,5123.36,0.04,0.96
12-2023,savings,51,178,33470.61,0.08,0.92
12-2023,Health,1,1,169.0,0.0,1.0
7-2023,shopping,1479,6781,455657.61,0.64,0.36
7-2023,tax,209,328,10974.62,0.75,0.25
7-2023,Groceries,2,3,219.1,1.0,0.0
7-2023,Hotel,1,1,125.99,1.0,0.0
2-2023,restaurants,1264,8921,256754.3,0.93,0.07
2-2023,wellness,10,11,1573.8,0.94,0.06
3-2023,education,2,3,302.34,0.89,0.11
